<?xml version="1.0" encoding="UTF-8" ?>
<!--********** Copyright 2020 Roku Corp.  All Rights Reserved. **********-->
<component name="DetailScreenTask" extends="Task">
    <interface>
        <field id="response" type="assocarray" />
        <field id="organizationContent" type="node" />
        <field id="mediaItemId" type="string" />
    </interface>
    <script type="text/brightscript" uri="pkg:/source/utils.brs" />
    <script type="text/brightscript" uri="pkg:/source/functions.brs" />
    <script type="text/brightscript" uri="DetailScreenTask.brs" />
</component>
