<?xml version="1.0" encoding="utf-8" ?>
<!--********** Copyright 2016 Roku Corp.  All Rights Reserved. **********-->
<component name="audioScreen" extends="Group" initialFocus="skipBackBtn">
  <script type="text/brightscript" uri="audioScreen.brs" />
  <script type="text/brightscript" uri="pkg:/source/functions.brs" />

  <interface>
    <!-- Specifies the content for the Grid -->
    <field id="content" type="assocarray" />
    <field id="itemFocused" type="boolean" alwaysNotify="true" />

  </interface>
  <children>

        <Timer id="timerForPlayingAudio" repeat="false" duration="3" />

    <!-- movie poster -->
    <Group>
      <Poster id="selectedItemPoster" uri="" width="1280" height="720" loadSync="true" loadWidth="1280" loadHeight="720" />
      <Poster id="AudioBottomGradient" uri="" width="1280" height="720" loadSync="true" loadWidth="1280" loadHeight="720" translation="[0,100]" />
    </Group>

    <!-- progress Bar  and running timer starts-->

    <LayoutGroup id="timingLayout" layoutDirection="horiz" translation="[155,612]" vertAlignment="center" itemSpacings="[20]">
      <Label id="itemCurPosition" font="font:SmallestSystemFont" horizAlign = "left" vertAlign = "center" />
      <Group>
        <Rectangle id="progressBarBackground"  color="#a2a3a2" width="820" height="3" visible="false" />
        <Rectangle id="progressBar" color="#FFFFFF" width="0" height="3" visible="false">
          <Poster id="progressBarImageCircle" loadSync="true" width="10" height="10" loadWidth="10" loadHeight="10" uri="" />
        </Rectangle>
      </Group>
      <Label id="songDuration" font="font:SmallestSystemFont" horizAlign = "left" vertAlign = "center" />
    </LayoutGroup>

    <!--  progressBar ends-->

    <Button id="skipBackBtn" maxWidth="30" minWidth="30" height="30" visible="false" translation="[385,640]" focusFootprintBitmapUri="" iconuri="" focusedIconUri="" showFocusFootprint="true" />
    <BusySpinner id="audioLoadingSpinner" translation="[630,640]" uri="" />
    <Button id="playPauseBtn" maxWidth="30" minWidth="30" height="30" visible="false" translation="[630,640]" focusBitmapUri="" focusedIconUri="" />
    <Button id="skipForwardBtn" maxWidth="30" minWidth="30" height="30" visible="false" translation="[875,640]" focusFootprintBitmapUri="" iconuri="" focusedIconUri="" showFocusFootprint="true" />

  </children>

</component>
