<?xml version="1.0" encoding="UTF-8"?>
<!--********** Copyright 2020 Roku Corp.  All Rights Reserved. **********-->

<component name="ChannelTypeTask" extends="Task">
    <interface>
        <field id="data" type="assocarray" />
        <field id="vodData" type="assocarray" />
        <field id="m3u8Data" type="assocarray" />
        <field id="bothChannelAndVideo" type="assocarray" />

    </interface>
    <script type="text/brightscript" uri="pkg:/source/utils.brs" />
    <!-- <script type="text/brightscript" uri="pkg:/source/functions.brs" /> -->
    <script type="text/brightscript" uri="ChannelTypeTask.brs" />
  <script type="text/brightscript" uri="pkg:/source/functions.brs" />

</component>
