<?xml version="1.0" encoding="UTF-8"?>
<!--********** Copyright 2020 Roku Corp.  All Rights Reserved. **********-->

<component name="MainLoaderTask" extends="Task">
    <interface>
        <field id="content" type="node" />
        <field id="errorLoadingContent" type="integer" alwaysNotify="true" />
    </interface>
    <script type="text/brightscript" uri="pkg:/source/utils.brs" />
    <!-- <script type="text/brightscript" uri="pkg:/source/functions.brs" /> -->
    <script type="text/brightscript" uri="MainLoaderTask.brs" />
  <script type="text/brightscript" uri="pkg:/source/functions.brs" />

</component>
